smiles,name,label
C1NCC12CNO2,"1-oxa-2,6-diazaspiro[3.3]heptane",spiro
C1NCC12CNC2,"2,6-diazaspiro[3.3]heptane",spiro
C1NCC12COC2,2-oxa-6-azaspiro[3.3]heptane,spiro
C1CC2(CNC2)N1,"1,6-diazaspiro[3.3]heptane",spiro
C1CNC2(C1)CNC2,"2,5-diazaspiro[3.4]octane",spiro
C1CSC2(CNC2)N1,"5-thia-2,8-diazaspiro[3.4]octane",spiro
C1CC2(CCN2)CN1,"1,7-diazaspiro[3.4]octane",spiro
C1COC2(CNC2)N1,"5-oxa-2,8-diazaspiro[3.4]octane",spiro
C1CNC2(C1)CCNC2,"1,7-diazaspiro[4.4]nonane",spiro
C1CCC2(CCNC2)NC1,"2,6-diazaspiro[4.5]decane",spiro
C1CC2(CCN1)NCCO2,"1-oxa-4,8-diazaspiro[4.5]decane",spiro
C1CNCC2(C1)CNC2,"2,8-diazaspiro[3.5]nonane",spiro
C1CC2(CCN1)CCN2,"1,7-diazaspiro[3.5]nonane",spiro
C1COCC2(CNC2)N1,"8-oxa-2,5-diazaspiro[3.5]nonane",spiro
C1COC2(CN1)CNC2,"5-oxa-2,8-diazaspiro[3.5]nonane",spiro
C1CNC2(CNC2)OC1,"5-oxa-2,9-diazaspiro[3.5]nonane",spiro
C1CNCC2(C1)CCCN2,"1,9-diazaspiro[4.5]decane",spiro
C1COC2(CCNC2)CN1,"6-oxa-2,9-diazaspiro[4.5]decane",spiro
C1CCC2(CCNCC2)NC1,"1,9-diazaspiro[5.5]undecane",spiro
C1CCC2(CNC1)CNC2,"2,9-diazaspiro[3.6]decane",spiro
C1CNC2(CC2)CN1,"4,7-diazaspiro[2.5]octane",spiro
C1CCC2(C1)CNCCN2,"6,9-diazaspiro[4.5]decane",spiro
C1NC2CNC1C2,"2,5-diazabicyclo[2.2.1]heptane",bridged
C1CC2CNC1CN2,"2,5-diazabicyclo[2.2.2]octane",bridged
C1CC2CNCC1N2,"3,8-diazabicyclo[3.2.1]octane",bridged
C1NC[C@@H]2C[C@H]1CN2,"(1R,5S)-3,6-diazabicyclo[3.2.1]octane",bridged
C1C[C@H]2C[C@H](CN2)N1,"(1R,5S)-2,6-diazabicyclo[3.2.1]octane",bridged
C1CC2CNC1[C@H]1CNC[C@@H]21,"octahydro-1H-4,7-(epiminomethano)isoindole",bridged&fused
C1CC2NCC1C1CNCC21,"4,8-diazatricyclo[5.2.2.02,6]undecane",bridged&fused
C1NC[C@H]2N[C@@H]12,"(1R,5S)-3,6-diazabicyclo[3.1.0]hexane",fused
C1CN[C@@H]2C[C@@H]2N1,"(1R,6S)-2,5-diazabicyclo[4.1.0]heptane",fused
C1NCC2CNCC12,"1,2,3,3a,4,5,6,6a-octahydropyrrolo[3,4-c]pyrrole",fused
C[C@]12CNC[C@H]1CNC2,"3a-methyl-2,3,4,5,6,6a-hexahydro-1H-pyrrolo[3,4-c]pyrrole",fused
C[C@]12CNC[C@@]1(C)CNC2,"3a,6a-dimethyl-1,2,3,4,5,6-hexahydropyrrolo[3,4-c]pyrrole",fused
C1CO[C@H]2CNC[C@H]2N1,"(4aR,7aS)-2,3,4,4a,5,6,7,7a-octahydropyrrolo[3,4-b][1,4]oxazine",fused
C1C[C@@H]2CN[C@@H]2CN1,"(1S,6R)-3,8-diazabicyclo[4.2.0]octane",fused
C1C[C@@H]2NC[C@@H]2CN1,"(1S,6S)-3,7-diazabicyclo[4.2.0]octane",fused
C1C[C@@H]2CNC[C@@H]2CN1,"(3aS,7aS)-2,3,3a,4,5,6,7,7a-octahydro-1H-pyrrolo[3,4-c]pyridine",fused
C1CN[C@@H]2CCCN[C@@H]2C1,"(4aR,8aR)-1,2,3,4,4a,5,6,7,8,8a-decahydro-1,5-naphthyridine",fused
O=S1(=O)C[C@@H]2NCCN[C@@H]2C1,"(4aR,7aS)-1,2,3,4,4a,5,7,7a-octahydrothieno[3,4-b]pyrazine 6,6-dioxide",fused
FC1(F)CNCCNC1,"6,6-difluoro-1,4-diazepane",one-cycle
FC(F)(F)C1CCNCCN1,"5-(trifluoromethyl)-1,4-diazepane",one-cycle
c1n[nH]c2c1CNC2,"1,4,5,6-tetrahydropyrrolo[3,4-c]pyrazole",aromatic-fused
c1noc2c1CNC2,"5,6-dihydro-4H-pyrrolo[3,4-d][1,2]oxazole",aromatic-fused
c1[nH]nc2c1CNC2,"1,4,5,6-tetrahydropyrrolo[3,4-c]pyrazole",aromatic-fused
C1CNCCN1,piperazine,one-cycle
C1CNOCN1,"1,2,5-oxadiazinane",one-cycle
C1CCNCC1,piperidine,one-cycle
C1CCNNC1,diazinane,one-cycle
C1CCOCC1,oxane,one-cycle
C1CNCNC1,"1,3-diazinane",one-cycle
C1CNCOC1,"1,3-oxazinane",one-cycle
C1CCOC1,oxolane,one-cycle
C1CCNC1,pyrrolidine,one-cycle
c1cnoc1,"1,2-oxazole",aromatic-one-cycle
c1ccoc1,furan,aromatic-one-cycle
c1cc[nH]c1,1H-pyrrole,aromatic-one-cycle
c1ccncc1,pyridine,aromatic-one-cycle
C1CC2(C1)COC2,2-oxaspiro[3.3]heptane,spiro
C1CC2(C1)CCO2,1-oxaspiro[3.3]heptane,spiro
C1CC2(C1)CCN2,1-azaspiro[3.3]heptane,spiro
C1CC2(C1)CNN2,"1,2-diazaspiro[3.3]heptane",spiro
C1OCC12CO2,"1,5-dioxaspiro[2.3]hexane",spiro
C1NC12COC2,5-oxa-1-azaspiro[2.3]hexane,spiro
C1CC12COC2,5-oxaspiro[2.3]hexane,spiro
C1NCC12CO2,1-oxa-5-azaspiro[2.3]hexane,spiro
C1NCC12CN2,"1,5-diazaspiro[2.3]hexane",spiro
C1CC12CNC2,5-azaspiro[2.3]hexane,spiro
C1CC2(C1)CO2,1-oxaspiro[2.3]hexane,spiro
C1CC2(C1)CN2,1-azaspiro[2.3]hexane,spiro
C1CC2(C1)CC2,spiro[2.3]hexane,spiro
